{
  "ds_cnn": {
    "train_loss": [
      0.5173848825141399,
      0.4815996251704349,
      0.47059736788411466,
      0.46373303454614995,
      0.45625548200908844,
      0.44420046112744677,
      0.4402546467830195,
      0.4375626491990926
    ],
    "train_acc": [
      0.8008784196722404,
      0.8264492839562496,
      0.8327868653902346,
      0.8366914574872837,
      0.8411335176705881,
      0.84813321941365,
      0.8507029729302811,
      0.852282573972515
    ],
    "val_loss": [
      1.3331846554778772,
      1.7222639984340222,
      1.50185907598865,
      1.3980115963619892,
      1.5252420641004707,
      1.7702189274255755,
      1.5459380863978784,
      1.2836539830031202
    ],
    "val_acc": [
      0.5270416670591893,
      0.5488243163041328,
      0.5217449670752042,
      0.2892012322069505,
      0.27543546457405016,
      0.26404131849911916,
      0.2838315230190954,
      0.3101054158698458
    ],
    "lr": [
      0.001,
      0.001,
      0.001,
      0.001,
      0.0005,
      0.0005,
      0.0005,
      0.0005
    ]
  }
}