epoch,step,epoch_time_s,lr,train_acc,train_loss,val_acc,val_f1_macro,val_loss
1,15481,353.9332027435303,0.001,0.8008784196722404,0.5173848825141399,0.5270416670591893,0.45776840606842917,1.3331846554778772
2,30962,245.6027660369873,0.001,0.8264492839562496,0.4815996251704349,0.5488243163041328,0.4256272681613871,1.7222639984340222
3,46443,236.87142419815063,0.001,0.8327868653902346,0.47059736788411466,0.5217449670752042,0.41351923974512184,1.50185907598865
4,61924,243.12456583976746,0.001,0.8366914574872837,0.46373303454614995,0.2892012322069505,0.275843458701118,1.3980115963619892
5,77405,241.88773369789124,0.0005,0.8411335176705881,0.45625548200908844,0.27543546457405016,0.26556049533947534,1.5252420641004707
6,92886,233.8817195892334,0.0005,0.84813321941365,0.44420046112744677,0.26404131849911916,0.2506723008289464,1.7702189274255755
7,108367,245.72405099868774,0.0005,0.8507029729302811,0.4402546467830195,0.2838315230190954,0.2761067949704995,1.5459380863978784
8,123848,253.7324035167694,0.0005,0.852282573972515,0.4375626491990926,0.3101054158698458,0.3080381830100862,1.2836539830031202
